id;uuid;title;start_date;end_date;mime_type
1;7ae6bd57-153e-4578-a55d-2cf8ccac695d;Afghani;2021-02-10;2021-02-11;AUDIO_MPEG
2;3615c2b8-b334-4612-abd3-343aee37fa8b;maximize invoice;2021-02-11;2021-02-11;IMAGE_GIF
3;f11c0640-42ae-4402-89ec-b78f5a8e3a92;Guyana array microchip;2021-02-11;2021-02-11;AUDIO_MPEG
4;8c0c07e8-3c1e-4989-8ef5-a99004428935;Focused Buckinghamshire;2021-02-10;2021-02-11;IMAGE_GIF
5;86676b82-0843-4b16-8939-4a7ce0235826;Sleek Diverse;2021-02-10;2021-02-10;IMAGE_PNG
6;30fc0ee0-2917-4547-a33e-e9636f6f061c;e-commerce;2021-02-10;2021-02-10;IMAGE_JPEG
7;30143015-9594-4c08-a942-0069a9b37006;transparent;2021-02-10;2021-02-11;IMAGE_PNG
8;fe46be26-64c0-469d-abc7-acbfbe344303;payment open-source system engine;2021-02-10;2021-02-11;IMAGE_GIF
9;c17c91d9-165a-46b1-b8ce-9f1dd8f8cdca;deposit Moldovan Leu;2021-02-11;2021-02-10;IMAGE_SVG
10;3fe4b7eb-b44b-46cc-992c-fec1121bcd66;motivating Hat Gorgeous;2021-02-11;2021-02-10;IMAGE_SVG
