id;uuid;title;start_date;end_date;mime_type;width;height
1;67efeb0b-abd7-4c24-8f93-de66f075557c;JSON;2021-02-04;2021-02-04;AUDIO_MPEG;910;45500
2;c3d9c900-b496-47b6-824f-be78dfb48e64;Administrator Up-sized West Virginia;2021-02-04;2021-02-05;IMAGE_PNG;81640;70446
3;345b4125-986f-47d5-8a51-1b9561d8221c;invoice deposit;2021-02-05;2021-02-04;IMAGE_GIF;97694;20020
4;c6e1baad-f703-4e55-abf8-2ca3c0c65b03;Wyoming;2021-02-05;2021-02-04;AUDIO_MPEG;41743;69463
5;32ec5fe0-c15b-44a0-8493-66afab1ec736;time-frame Optional;2021-02-05;2021-02-05;AUDIO_MPEG;66088;55972
6;76551d4c-d1b5-46ec-be75-fab7dca5e3e9;Configuration;2021-02-05;2021-02-05;IMAGE_SVG;36281;23256
7;7155a862-8416-47ff-9cc8-695356350f68;hacking Anguilla extensible;2021-02-05;2021-02-04;IMAGE_JPEG;3096;97287
8;9031bc81-1858-4e78-91f3-6804e0b22827;Beauty;2021-02-05;2021-02-05;IMAGE_SVG;32862;41175
9;6ed0a63e-2703-4091-a517-d91cde1e7be3;Gorgeous Wooden Chicken partnerships;2021-02-05;2021-02-04;IMAGE_JPEG;5566;63545
10;7e16ed81-4815-4525-a0ff-8fdd520b0c7e;FTP;2021-02-04;2021-02-05;IMAGE_GIF;49660;94642
