id;title;upload_date;mime_type;format;location
1;Object-based Mouse SDR;2021-01-16;IMAGE;silver portal;Fresh aggregate
2;backing up process improvement Ethiopia;2021-01-16;AUDIO;Viaduct;FTP Berkshire
3;applications Ridges;2021-01-15;VIDEO;one-to-one back-end Japan;Ergonomic
4;Intelligent Global reintermediate;2021-01-16;IMAGE;Jewelery;Developer 24/365 drive
5;Buckinghamshire bluetooth Awesome Steel Mouse;2021-01-15;AUDIO;Libyan Dinar directional Parks;United Kingdom Sleek Plastic Shoes
6;payment;2021-01-16;VIDEO;applications Track redundant;Gorgeous
7;Berkshire Solutions Somoni;2021-01-15;IMAGE;Moroccan Dirham National Phased;SMS
8;Quality-focused exuding;2021-01-16;IMAGE;Lempira Rustic indigo;online alarm
9;well-modulated Plastic Functionality;2021-01-16;IMAGE;Inverse Investment Account;protocol value-added
10;1080p;2021-01-16;IMAGE;Egyptian Pound Rustic copy;convergence
